540,2013-10-13 12:33:46.061031+00,2013-10-13 12:33:52.852554+00,t,f,"","",9780575083066
541,2013-10-13 12:36:50.724517+00,2013-10-16 20:52:17.867354+00,t,f,"","",9780141043531
542,2013-10-17 19:48:42.132336+00,2013-10-20 12:30:47.201196+00,t,f,"","",9781472200310
544,2013-10-27 20:36:10.923172+00,2013-10-27 20:36:17.602283+00,t,f,"","",9780553804690
545,2013-10-28 18:32:53.837435+00,2013-11-06 23:10:57.947915+00,t,f,"","",9780575084643
546,2013-11-16 17:21:01.471901+00,2013-11-16 17:21:12.677949+00,t,f,"","",9780857522276
547,2013-11-19 08:53:32.025983+00,2013-11-19 08:53:37.556115+00,t,f,"","",9781780879758
564,2014-03-06 14:27:49.24774+00,2014-03-06 14:27:55.090868+00,t,f,"","",9780141188034
622,2014-10-29 21:48:17.615289+00,2014-12-01 22:02:11.571279+00,t,f,"","",9781843540700
628,2014-12-09 22:41:13.666507+00,2014-12-09 22:41:29.62871+00,t,f,"","",9780340921609
553,2013-11-26 08:31:18.879548+00,2013-11-29 08:31:18.879548+00,t,f,"","",9781442427662
556,2013-12-22 09:38:57.469474+00,2013-12-22 09:38:57.635712+00,t,f,"","",9780575088894
557,2013-12-31 00:09:54.015709+00,2013-12-31 00:09:58.015698+00,t,f,"","",9781846271908
560,2013-12-31 00:23:47.372294+00,2014-01-15 08:44:31.996814+00,t,f,"","",9780345527264
548,2013-11-24 20:25:59.372291+00,2014-02-05 18:15:32.64254+00,t,f,"","",9780141040011
561,2014-02-05 18:17:17.600809+00,2014-02-05 18:17:29.016621+00,t,f,"","",9781847084323
562,2014-03-03 22:39:19.691971+00,2014-03-03 22:39:26.814349+00,t,f,"","",9781841494159
569,2014-03-29 22:18:54.470144+00,2014-04-04 22:18:54.470144+00,t,f,"","",9781841496566
629,2014-12-13 23:49:25.23243+00,2014-12-13 23:49:33.190071+00,t,f,"","",9780330533072
575,2014-04-15 22:40:00.113349+00,2014-04-15 22:40:00.113349+00,t,f,"","",9780099571575
630,2014-12-17 18:53:21.550993+00,2014-12-23 11:39:29.764914+00,t,f,"","",9780393062496
578,2014-04-17 22:40:00.113349+00,2014-04-19 22:40:00.113349+00,t,f,"","",9780719568374
581,2014-05-17 22:30:54.094863+00,2014-05-18 13:49:10.583406+00,t,f,"","",9780285640818
585,2014-05-28 21:43:17.142518+00,2014-06-01 15:12:36.545021+00,t,f,"","",9780312671938
583,2014-05-21 21:03:03.428886+00,2014-06-06 18:07:18.465797+00,t,f,"","",9780812993011
586,2014-06-07 23:09:52.192538+00,2014-06-13 21:30:35.484108+00,t,f,"","",9781472106537
591,2014-06-29 21:59:01.608126+00,2014-06-29 21:59:01.764118+00,t,f,"","",9780804170703
402,2013-08-13 13:26:10.28513+00,2014-07-05 21:38:31.886275+00,t,t,"","",9781933633862
587,2014-06-13 21:33:04.022197+00,2014-07-05 21:38:42.255038+00,t,t,"","",9780099537823
572,2014-05-03 22:40:00.105848+00,2014-07-05 21:39:03.975381+00,t,t,"","",9780141022093
593,2014-07-05 21:40:36.072901+00,2014-07-05 21:40:43.035203+00,t,f,"","",9781447262060
595,2014-07-07 22:22:41.331749+00,2014-07-11 22:20:10.730805+00,t,f,"","",9780224096386
596,2014-07-20 21:58:16.773476+00,2014-07-27 17:09:51.791715+00,t,f,"","",9781843913726
598,2014-08-12 22:10:10.01106+00,2014-08-12 22:10:23.918185+00,t,f,"","",9781480542334
599,2014-08-17 14:54:19.431652+00,2014-08-17 14:54:19.788298+00,t,f,"","",9780006480440
600,2014-08-25 21:46:05.247673+00,2014-08-31 18:56:33.425873+00,t,f,"","",9780141042015
601,2014-08-31 18:56:55.017833+00,2014-08-31 18:57:00.174738+00,t,f,"","",9781405913218
602,2014-09-02 21:35:20.887049+00,2014-09-02 21:35:23.881813+00,t,f,"","",9780553587197
604,2014-09-05 20:40:30.089577+00,2014-09-06 09:09:19.26295+00,t,f,"","",9781848876828
597,2014-08-03 07:58:26.093939+00,2014-09-06 20:50:27.14086+00,t,t,"","",9780007199471
607,2014-09-07 14:40:29.036983+00,2014-09-07 14:40:31.541861+00,t,f,"","",9780571297627
610,2014-09-08 12:03:05.125582+00,2014-09-08 13:30:13.592702+00,t,f,"","",9780141041940
613,2014-09-16 21:31:20.662418+00,2014-09-18 12:20:32.513812+00,t,f,"","",9780340995747
588,2014-06-16 21:34:11.847856+00,2014-09-25 21:34:43.721653+00,t,t,"","",9780618001811
616,2014-09-28 18:20:04.211251+00,2014-09-28 21:57:54.099709+00,t,f,"","",9781409128014
615,2014-09-25 21:36:24.695324+00,2014-10-08 21:26:53.158178+00,t,f,"","",9780241953501
618,2014-10-08 21:04:09.882631+00,2014-10-10 20:36:22.036324+00,t,f,"","",9780007550715
620,2014-10-20 22:07:03.505668+00,2014-10-20 22:07:07.38345+00,t,f,"","",9780099534440
621,2014-10-23 22:02:01.677728+00,2014-10-26 16:05:08.368508+00,t,f,"","",9780099553465
619,2014-10-18 15:34:44.245559+00,2014-10-26 16:05:30.131449+00,t,f,"","",9781784750954
623,2014-11-14 21:52:29.41918+00,2014-11-14 21:52:30.143344+00,t,f,"","",9780575132504
624,2014-11-22 09:00:52.773976+00,2014-11-22 09:00:53.369633+00,t,f,"","",9781472108685
625,2014-11-24 23:10:57.150842+00,2014-11-27 12:41:26.598923+00,t,f,"","",9780356502403
626,2014-12-01 22:01:54.822221+00,2014-12-01 22:01:55.043001+00,t,f,"","",9780712357708
631,2014-12-23 23:12:44.919922+00,2014-12-24 16:09:48.048086+00,t,f,"","",9781846689666
632,2014-12-25 22:49:12.510427+00,2014-12-26 23:03:06.784109+00,t,f,"","",9781781168660
633,2014-12-27 18:46:48.957098+00,2014-12-30 15:27:23.381466+00,t,f,"","",9780857684837
554,2013-12-07 08:46:34.826813+00,2013-12-15 12:58:25.179406+00,t,f,"","",9780230750760
416,2011-11-01 21:12:59.412002+00,2011-11-06 22:13:05.117502+00,t,f,"","",9781846555237
415,2011-09-11 02:42:00.155261+00,2011-09-20 00:30:15.082315+00,t,t,"","",9781846684821
420,2011-07-08 00:28:09.15717+00,2011-07-30 19:07:41.844363+00,t,t,"","",9781844880805
459,2011-08-20 14:35:01.928456+00,2012-07-20 13:40:01.869319+00,t,t,"","",9780743259729
460,2011-07-31 20:45:16.158787+00,2011-08-15 21:24:54.679897+00,t,t,"","",9780701169916
461,2013-05-31 02:48:55.64688+00,2013-07-13 03:07:29.66612+00,t,t,"","",9780691138619
417,2013-09-13 12:43:40.01256+00,2013-10-05 19:39:40.262902+00,t,f,"","",9781846555237
637,2015-02-02 08:26:33.57268+00,2015-02-02 08:26:38.668903+00,t,f,audio,no,9780007136858
653,2015-04-03 15:35:49.935018+00,2015-04-03 15:35:50.18333+00,t,f,paper,no,9781906040420
683,2015-08-23 22:50:40.936718+00,2015-12-29 21:23:42.221654+00,t,f,ebook,no,9780465051366
642,2015-02-16 22:32:37.918977+00,2015-02-20 12:25:40.898193+00,t,f,ebook,no,9781936071609
654,2015-04-09 21:08:06.875662+00,2015-04-10 20:37:26.310445+00,t,f,paper,no,9781780226347
658,2015-04-26 08:47:37.154582+00,2015-04-29 19:23:10.136116+00,t,f,paper,no,9780857867971
643,2015-02-20 12:26:52.738918+00,2015-02-20 14:57:35.289229+00,t,f,ebook,no,9781848134072
644,2015-02-23 22:29:12.212009+00,2015-02-25 22:15:54.719298+00,t,f,ebook,no,9780316200202
649,2015-03-16 13:08:00.081068+00,2015-03-16 13:08:05.935247+00,t,f,ebook,no,9781447256236
651,2015-03-27 23:13:22.10775+00,2015-03-27 23:13:28.182598+00,t,f,ebook,no,9780006550624
655,2015-04-12 21:20:27.60594+00,2015-04-16 21:54:11.767555+00,t,f,ebook,no,9781847084231
666,2015-06-19 08:01:58.285225+00,2015-06-19 08:01:58.768636+00,t,f,ebook,no,9781409127956
673,2015-07-18 11:38:24.709484+00,2015-08-24 14:06:20.776934+00,t,f,ebook,no,9781479835454
681,2015-08-23 22:48:01.283213+00,2015-08-28 13:42:23.156696+00,t,f,ebook,no,9780007520763
684,2015-08-28 22:49:41.027312+00,2015-09-05 21:09:18.478814+00,t,f,ebook,no,9780007464586
670,2015-07-08 22:20:21.011655+00,2015-07-15 08:15:49.85401+00,t,f,paper,no,9781846683572
680,2015-08-14 20:46:44.184808+00,2015-08-20 08:03:50.982291+00,t,f,paper,no,9780241972762
671,2015-07-15 08:16:39.069834+00,2015-07-15 08:16:39.948368+00,t,f,paper,no,9780804137171
689,2015-09-20 21:05:49.497671+00,2015-10-04 20:01:15.090931+00,t,f,ebook,no,9780143127154
691,2015-10-14 12:43:11.86043+00,2015-10-14 12:43:14.629364+00,t,f,ebook,no,9780061695131
659,2015-05-12 11:24:42.198966+00,2015-05-20 07:39:47.24382+00,t,f,audio,format-shifted,9780575084469
662,2015-06-06 21:55:41.130049+00,2015-06-06 21:55:46.218039+00,t,f,audio,format-shifted,9781400067886
664,2015-06-12 18:53:11.499512+00,2015-06-12 18:53:17.779676+00,t,f,ebook,no,9780349114903
665,2015-06-15 21:29:20.874989+00,2015-06-15 21:29:30.428818+00,t,f,ebook,no,9780349120515
676,2015-07-23 21:29:10.486283+00,2015-07-25 18:51:23.891251+00,t,f,ebook,no,9789381017647
634,2014-12-31 23:45:50.399906+00,2015-01-16 22:24:40.561584+00,t,f,ebook,no,9788861921573
635,2015-01-24 22:30:38.637189+00,2015-02-03 23:14:30.595759+00,t,f,ebook,no,9780007183135
648,2015-03-08 22:03:36.595064+00,2015-03-16 13:05:52.274954+00,t,f,ebook,no,9781444760873
640,2015-02-11 22:58:21.726853+00,2015-02-11 22:58:23.494523+00,t,f,ebook,no,9780340820674
675,2015-07-20 21:20:52.263264+00,2015-07-21 20:49:54.001433+00,t,f,ebook,no,9780141041155
421,2013-07-10 03:05:02.73272+00,2013-10-28 09:31:23.425015+00,t,f,"","",9781842778609
549,2013-11-24 20:26:46.866169+00,2013-11-24 20:26:53.134653+00,t,f,"","",9780006480419
412,2013-08-27 03:02:24.21105+00,2013-11-24 22:15:57.868201+00,t,t,"","",9781847394071
558,2013-12-31 00:10:20.680643+00,2013-12-31 00:10:25.117433+00,t,f,"","",9781602060784
592,2014-06-30 22:52:55.1103+00,2014-07-02 21:55:17.72774+00,t,f,"","",9780297866121
551,2013-12-03 08:31:18.879548+00,2013-12-06 08:31:18.879548+00,t,f,"","",9781442427648
565,2014-03-07 23:12:18.973359+00,2014-03-10 22:36:54.294388+00,t,f,"","",9781908968982
567,2014-02-05 22:08:36.384455+00,2014-02-09 22:08:36.384455+00,t,f,"","",9781841494135
576,2014-04-15 22:40:00.113349+00,2014-05-03 22:49:23.308387+00,t,f,"","",9781844087419
594,2014-07-05 21:43:09.299686+00,2014-08-19 08:24:26.190139+00,t,f,"","",9781594205231
570,2014-03-23 22:27:28.362495+00,2014-03-28 22:27:28.362495+00,t,f,"","",9781000000000
579,2014-04-20 22:40:00.113349+00,2014-04-21 22:40:00.113349+00,t,f,"","",9780099981107
400,2012-12-11 02:32:04+00,2012-12-22 02:32:04+00,t,f,"","",9785556254596
401,2012-07-20 13:53:58.068451+00,2012-07-23 18:23:37.01738+00,t,f,"","",9781937557003
403,2011-08-11 22:32:54.188936+00,2011-08-14 04:27:13.871654+00,t,f,"","",9781905802128
404,2011-11-10 22:12:46.830713+00,2011-11-14 22:12:51.020108+00,t,f,"","",9781905490431
405,2011-10-04 02:53:46.172875+00,2011-10-04 02:54:03.393776+00,t,f,"","",9781857988130
406,2013-05-31 02:49:37.93933+00,2013-06-02 01:28:20.6149+00,t,f,"","",9781857987676
407,2013-07-31 02:25:02.25121+00,2013-08-04 04:25:06.24555+00,t,f,"","",9781849412704
409,2013-06-04 20:37:59.82639+00,2013-06-04 20:38:08.25422+00,t,f,"","",9781847946249
410,2012-01-16 04:34:28.781198+00,2012-03-09 21:16:35.382388+00,t,f,"","",9781847676566
411,2012-10-26 01:51:39.294649+00,2012-11-10 04:21:41.810668+00,t,f,"","",9781847670649
413,2012-07-04 12:01:30.445948+00,2012-07-08 02:40:01.077711+00,t,f,"","",9781846687761
414,2012-12-05 04:32:51.668617+00,2012-12-05 04:32:57.561232+00,t,f,"","",9781846685743
418,2012-11-22 13:20:00.92425+00,2013-01-07 05:17:31.695248+00,t,f,"","",9781846147524
419,2012-02-07 18:11:37.350756+00,2012-04-08 16:25:01.628619+00,t,f,"","",9781845299262
422,2012-01-16 14:08:38.643022+00,2012-01-26 03:18:14.497302+00,t,f,"","",9781841496566
423,2012-04-22 19:55:02.095801+00,2012-04-22 19:55:02.61786+00,t,f,"","",9781841496559
424,2011-12-22 00:21:51.160558+00,2011-12-24 19:40:21.357418+00,t,f,"","",9781841494159
425,2011-11-24 22:13:13.166891+00,2011-11-27 22:13:16.554239+00,t,f,"","",9781841494135
426,2013-08-04 04:33:09.15529+00,2013-08-09 03:28:40.89449+00,t,f,"","",9781782391197
427,2012-02-16 03:38:33.533882+00,2012-02-19 05:19:55.780337+00,t,f,"","",9781780331669
428,2011-11-07 22:13:51.463085+00,2011-11-10 22:13:54.421297+00,t,f,"","",9781604860887
429,2012-07-11 02:13:04.525077+00,2012-07-20 13:40:01.639696+00,t,f,"","",9781594203220
430,2013-01-21 05:10:33.390371+00,2013-01-29 02:16:12.167683+00,t,f,"","",9781594202117
431,2012-03-31 17:56:05.709321+00,2012-04-22 19:50:00.7323+00,t,f,"","",9781592406593
432,2011-12-15 23:55:36.715363+00,2011-12-18 20:17:18.461214+00,t,f,"","",9781573227889
433,2011-10-10 21:09:05.332711+00,2011-10-25 21:09:11.70319+00,t,f,"","",9781442427662
434,2011-10-25 21:10:39.729101+00,2011-10-25 21:10:45.288345+00,t,f,"","",9781442427655
435,2011-10-23 03:45:46.360862+00,2011-10-23 03:45:50.570568+00,t,f,"","",9781442427648
436,2012-12-26 22:50:01.161567+00,2012-12-26 22:50:01.658154+00,t,f,"","",9781416914280
437,2011-12-08 22:47:41.146392+00,2011-12-11 17:43:18.890624+00,t,f,"","",9781409133827
438,2013-02-19 05:10:01.75881+00,2013-02-27 05:40:01.77706+00,t,f,"","",9781409123354
439,2012-06-26 22:53:58.397578+00,2012-07-02 03:40:34.207867+00,t,f,"","",9781408470787
440,2013-08-29 01:52:17.04374+00,2013-09-01 20:20:25.10767+00,t,f,"","",9781400067886
441,2013-09-13 16:37:58.94649+00,2013-09-15 16:38:04.44633+00,t,f,"","",9781118660638
442,2013-03-18 02:11:05.39589+00,2013-03-19 22:47:39.17911+00,t,f,"","",9780930330446
443,2012-12-28 15:40:01.49735+00,2012-12-28 15:40:02.525421+00,t,f,"","",9780857862426
444,2013-03-13 14:35:34.46012+00,2013-03-16 02:23:31.20848+00,t,f,"","",9780857662385
445,2013-06-17 02:37:05.92179+00,2013-07-02 03:14:29.42154+00,t,f,"","",9780857660541
446,2013-05-25 20:11:58.80479+00,2013-05-25 20:12:06.28061+00,t,f,"","",9780857520937
447,2012-11-08 05:40:02.133208+00,2012-11-11 03:15:57.715039+00,t,f,"","",9780857520647
448,2012-03-20 13:11:51.031137+00,2012-03-23 14:55:31.189313+00,t,f,"","",9780857520173
449,2012-08-06 01:44:09.790884+00,2012-08-06 01:44:37.901952+00,t,f,"","",9780857388049
451,2013-02-11 04:54:55.308274+00,2013-02-11 04:55:14.268785+00,t,f,"","",9780765330277
452,2012-12-02 00:40:01.046883+00,2012-12-02 00:40:01.753007+00,t,f,"","",9780765325563
453,2013-04-29 11:48:15.11981+00,2013-05-05 01:41:01.93947+00,t,f,"","",9780753820254
454,2011-10-10 18:51:17.707289+00,2011-10-25 18:51:17.707289+00,t,f,"","",9780752883304
455,2011-12-12 02:48:38.503852+00,2011-12-15 15:02:06.531652+00,t,f,"","",9780752851372
456,2011-08-04 03:01:16.211495+00,2011-08-04 13:40:22.697578+00,t,f,"","",9780749007096
457,2012-05-13 13:24:29.373964+00,2012-05-28 20:00:02.209177+00,t,f,"","",9780747586838
458,2013-01-10 05:08:17.116057+00,2013-01-21 05:02:38.989279+00,t,f,"","",9780747568766
462,2011-10-23 03:44:07.348205+00,2011-10-23 03:44:10.853245+00,t,f,"","",9780689878558
463,2012-12-29 05:24:25.870106+00,2013-04-19 02:41:29.22867+00,t,f,"","",9780670916764
464,2013-07-25 14:18:09.76631+00,2013-07-27 02:18:09.76631+00,t,f,"","",9780575132467
465,2013-07-28 02:18:17.20027+00,2013-07-31 02:18:21.21305+00,t,f,"","",9780575132467
466,2012-06-26 22:44:43.964305+00,2012-06-26 22:46:56.867416+00,t,f,"","",9780575097643
467,2012-08-20 01:07:23.211176+00,2012-08-31 02:19:35.394192+00,t,f,"","",9780575097643
468,2012-03-09 21:16:25.465094+00,2012-03-23 14:56:33.386262+00,t,f,"","",9780575097605
469,2012-08-20 01:07:00.08637+00,2012-08-20 01:07:04.480208+00,t,f,"","",9780575097605
470,2012-08-20 01:06:31.903059+00,2012-08-20 01:06:38.165739+00,t,f,"","",9780575097568
471,2013-06-06 00:55:25.62695+00,2013-06-06 00:55:30.68517+00,t,f,"","",9780575085428
472,2012-11-15 13:50:01.386715+00,2012-11-20 01:17:13.245559+00,t,f,"","",9780575081413
473,2012-11-15 04:43:14.428318+00,2012-11-15 04:45:45.308453+00,t,f,"","",9780575081406
474,2012-03-23 15:00:12.736814+00,2012-03-30 16:45:36.69224+00,t,f,"","",9780575076952
475,2012-03-17 23:11:01.142962+00,2012-03-17 23:11:41.597719+00,t,f,"","",9780575076945
476,2013-05-13 22:06:44.86635+00,2013-05-19 22:06:48.8867+00,t,f,"","",9780575076945
573,2014-04-12 08:40:00.113349+00,2014-04-12 11:40:00.113349+00,t,f,"","",9780374532079
584,2014-05-21 21:12:16.937841+00,2014-05-25 21:13:45.923671+00,t,f,"","",9780356502571
590,2014-06-24 22:11:22.841637+00,2014-06-27 22:51:30.600982+00,t,f,"","",9780230763210
603,2014-09-03 19:10:36.420095+00,2014-09-05 13:42:29.790349+00,t,f,"","",9781908968135
605,2014-09-06 09:11:34.995636+00,2014-09-06 20:50:14.898915+00,t,f,"","",9781849906517
408,2012-08-31 02:19:59.247681+00,2014-09-06 20:50:43.204198+00,t,t,"","",9781848313071
608,2014-09-07 19:07:45.335473+00,2014-09-07 19:07:45.522846+00,t,f,"","",9781447249764
614,2014-09-19 07:35:54.593013+00,2014-09-25 21:32:48.929078+00,t,f,"","",9780007494439
627,2014-12-01 22:03:31.671582+00,2014-12-20 20:53:42.685852+00,t,t,"","",9781847087027
582,2014-05-19 21:51:12.247711+00,2014-12-31 23:46:02.192046+00,t,t,"","",9781847674289
477,2013-08-12 02:22:24.20283+00,2013-08-27 01:52:16.26093+00,t,f,"","",9780575073210
478,2011-12-25 04:00:22.706133+00,2011-12-29 23:05:38.961975+00,t,f,"","",9780571248889
479,2011-12-01 22:13:43.047441+00,2012-01-26 03:33:13.59459+00,t,f,"","",9780571241026
480,2012-12-05 04:33:10.922593+00,2012-12-05 04:33:17.716322+00,t,f,"","",9780553817195
481,2012-11-26 01:00:00.823881+00,2012-11-29 17:31:59.242887+00,t,f,"","",9780553815535
482,2011-11-27 22:13:28.938054+00,2011-11-30 22:13:33.57754+00,t,f,"","",9780446618717
483,2012-06-21 11:53:53.421077+00,2012-06-21 11:54:01.644838+00,t,f,"","",9780441016716
484,2013-04-14 00:30:02.50028+00,2013-04-14 00:40:01.17626+00,t,f,"","",9780441014989
485,2012-06-08 12:50:01.080153+00,2012-06-10 04:00:01.275913+00,t,f,"","",9780441013654
450,2013-03-24 17:06:00.01918+00,2013-03-30 04:51:14.8393+00,t,f,"","",9780930330453
490,2013-08-12 12:06:51.44926+00,2013-09-11 13:15:51.44926+00,t,f,"","",9780385610674
491,2012-12-07 03:06:43.78102+00,2012-12-09 20:04:58.930947+00,t,f,"","",9780385608862
646,2015-03-04 22:40:41.940439+00,2015-03-04 22:40:46.715955+00,t,f,audio,format-shifted,9780752881676
641,2015-02-11 23:00:53.566468+00,2015-02-13 22:57:37.921522+00,t,f,ebook,no,9780374292089
660,2015-05-12 11:27:48.320823+00,2015-05-20 07:38:34.861377+00,t,f,ebook,no,9780679740391
656,2015-04-12 21:21:22.687716+00,2015-04-12 21:21:26.138885+00,t,f,audio,format-shifted,9780575076945
611,2014-09-09 21:43:42.60775+00,2015-09-05 21:09:53.719487+00,t,f,ebook,no,9780745644042
492,2013-04-21 22:11:22.47632+00,2013-04-21 22:11:45.18889+00,t,f,"","",9780340995747
493,2012-04-03 14:31:33.234396+00,2012-06-08 02:20:01.795556+00,t,f,"","",9780340995631
494,2011-07-15 12:13:31.39223+00,2011-07-19 03:22:20.734414+00,t,f,"","",9780340962725
495,2013-02-27 05:40:02.12397+00,2013-03-06 01:40:02.70438+00,t,f,"","",9780340952764
496,2011-08-01 10:55:51.412664+00,2011-08-07 02:56:14.926648+00,t,f,"","",9780340933992
497,2012-07-18 16:40:01.511432+00,2012-07-18 16:40:03.206881+00,t,f,"","",9780340921357
498,2013-09-08 16:28:08.43488+00,2013-09-10 16:28:16.47727+00,t,f,"","",9780340899489
499,2012-08-31 02:22:24.096506+00,2012-09-28 03:26:28.259424+00,t,f,"","",9780340822784
500,2012-08-06 01:38:01.556123+00,2012-08-10 02:41:38.117447+00,t,f,"","",9780330534239
501,2011-09-13 01:17:11.698973+00,2011-09-13 03:50:01.860743+00,t,f,"","",9780330519021
502,2011-11-15 22:12:23.708502+00,2011-11-24 22:12:27.4395+00,t,f,"","",9780330514965
504,2011-09-07 03:44:03.806557+00,2011-09-07 03:44:11.455435+00,t,f,"","",9780321344755
505,2012-02-28 05:37:31.311118+00,2012-03-04 14:05:24.780076+00,t,f,"","",9780316212182
506,2012-03-23 16:35:33.954121+00,2012-03-23 16:35:34.678457+00,t,f,"","",9780316212182
507,2013-04-21 22:15:21.99883+00,2013-04-23 14:45:37.56504+00,t,f,"","",9780312968304
508,2013-04-02 19:32:36.65643+00,2013-04-14 00:30:01.85327+00,t,f,"","",9780312323226
509,2012-06-08 02:20:00.866301+00,2012-06-08 02:20:01.564698+00,t,f,"","",9780307463746
510,2013-03-21 16:47:55.12806+00,2013-03-23 16:48:00.55482+00,t,f,"","",9780307397461
512,2012-07-18 17:30:01.184415+00,2012-07-18 17:30:02.200897+00,t,f,"","",9780262640374
513,2013-09-06 12:20:51.28767+00,2013-09-08 16:26:49.89695+00,t,f,"","",9780241002889
515,2011-10-04 02:55:37.222436+00,2011-10-10 18:50:53.394166+00,t,f,"","",9780142429068
516,2011-12-25 19:20:03.222796+00,2012-01-16 05:18:40.811324+00,t,f,"","",9780141038872
517,2013-04-19 02:26:25.22391+00,2013-04-28 21:30:24.57446+00,t,f,"","",9780141024325
518,2013-05-12 14:17:58.71173+00,2013-05-12 14:18:04.12093+00,t,f,"","",9780099553465
520,2013-05-05 03:25:05.89723+00,2013-05-06 13:40:47.00288+00,t,f,"","",9780099534440
521,2011-12-30 05:25:11.39792+00,2012-01-07 00:19:36.709069+00,t,f,"","",9780099520276
522,2011-08-17 18:19:51.998303+00,2011-08-19 18:19:42.469034+00,t,f,"","",9780099516422
524,2013-06-08 01:10:39.78393+00,2013-06-08 01:10:44.78709+00,t,f,"","",9780062206282
525,2012-06-21 12:10:01.063666+00,2012-06-24 05:10:01.258771+00,t,f,"","",9780062049803
526,2013-07-10 03:06:40.61344+00,2013-07-12 18:40:00.82344+00,t,f,"","",9780061714313
527,2013-07-23 03:03:21.51848+00,2013-07-31 12:51:47.88131+00,t,f,"","",9780020427858
528,2012-10-18 02:47:15.211727+00,2012-10-18 02:47:35.74898+00,t,f,"","",9780007464272
529,2013-07-03 02:58:25.23467+00,2013-07-08 03:00:57.34948+00,t,f,"","",9780007460977
530,2013-05-13 01:48:24.00341+00,2013-05-26 02:45:58.90853+00,t,f,"","",9780007454761
531,2013-07-14 02:29:28.51347+00,2013-07-17 02:29:31.90022+00,t,f,"","",9780007446025
532,2013-03-09 04:16:40.11698+00,2013-03-09 06:15:56.62973+00,t,f,"","",9780007429257
533,2012-05-13 13:30:05.102732+00,2012-05-27 17:23:22.691624+00,t,f,"","",9780007427901
534,2013-02-06 05:09:11.161957+00,2013-02-10 00:40:00.750707+00,t,f,"","",9780007315093
535,2013-01-30 05:09:56.184189+00,2013-02-06 05:07:14.109162+00,t,f,"","",9780007230204
537,2012-09-25 02:09:31.105564+00,2012-10-02 23:19:46.226967+00,t,f,"","",9780007150939
538,2011-07-30 19:07:15.460908+00,2011-07-31 01:40:12.638059+00,t,f,"","",9780007148233
503,2012-04-22 19:55:02.759459+00,2013-02-23 18:21:41.63733+00,t,t,"","",9780330294911
511,2012-02-16 03:39:09.795316+00,2012-03-23 15:00:56.792444+00,t,t,"","",9780263887310
514,2012-07-24 23:05:07.519325+00,2012-12-05 04:34:31.842963+00,t,t,"","",9780151013777
519,2011-10-06 13:03:12.342891+00,2011-10-25 21:09:04.744649+00,t,t,"","",9780099547020
523,2012-08-31 02:21:42.591808+00,2013-05-23 22:15:26.87537+00,t,t,"","",9780099505693
536,2012-04-07 17:51:34.121883+00,2013-05-23 22:15:01.66569+00,t,t,"","",9780007182138
552,2013-11-30 08:31:18.879548+00,2013-12-02 08:31:18.879548+00,t,f,"","",9781442427655
555,2013-12-15 12:56:58.684906+00,2013-12-16 22:47:45.618677+00,t,f,"","",9780571238903
559,2013-12-31 00:11:10.703735+00,2013-12-31 00:11:15.82458+00,t,f,"","",9781847679468
568,2014-02-10 22:15:30.72879+00,2014-02-19 22:15:30.72879+00,t,f,"","",9780446618717
571,2014-03-14 22:40:00.113349+00,2014-04-10 22:34:08.764842+00,t,f,"","",9781841496559
574,2014-04-13 22:40:00.113349+00,2014-04-14 22:40:00.113349+00,t,f,"","",9780374534837
577,2014-04-16 22:40:00.113349+00,2014-04-17 22:40:00.113349+00,t,f,"","",9780099460824
580,2014-04-17 22:40:00.113349+00,2014-04-22 22:40:00.113349+00,t,t,"","",9780061583254
609,2014-09-08 09:50:20.716373+00,2014-09-08 12:03:04.962817+00,t,f,"","",9781782067542
612,2014-09-13 22:17:08.834712+00,2014-09-16 21:01:42.860596+00,t,f,"","",9780007480197
487,2012-05-13 13:25:02.538908+00,2012-05-13 13:25:07.689591+00,t,f,"","",9780552166751
728,2016-01-24 00:34:48.725604+00,2016-01-24 00:34:55.19139+00,t,f,audio,format-shifted,9780575132504
727,2016-01-24 00:34:13.786878+00,2016-01-26 22:37:15.130517+00,t,f,audio,format-shifted,9780575132467
729,2016-01-27 09:07:25.676401+00,2016-01-31 21:13:48.81599+00,t,f,audio,format-shifted,9780755322817
730,2016-01-31 22:45:32.30882+00,2016-01-31 22:45:32.436964+00,t,f,ebook,no,9789381626849
731,2016-02-01 22:43:16.45234+00,2016-02-05 22:02:49.317811+00,t,f,ebook,no,9780140278828
733,2016-02-13 22:52:13.479989+00,2016-02-16 22:36:05.417993+00,t,f,ebook,no,9781857230741
732,2016-02-10 00:08:28.693582+00,2016-02-11 21:12:51.030385+00,t,f,paper,no,9780099599685
721,2016-01-01 23:51:22.549247+00,2016-01-02 00:22:42.483687+00,t,f,paper,no,9781596435520
539,2013-07-17 18:20:01.84801+00,2013-07-20 18:20:02.41911+00,t,f,"","",9780385679862
486,2011-10-15 21:12:07.239207+00,2011-10-17 21:12:13.324983+00,t,f,"","",9780552166751
837,2016-12-19 23:11:00.287189+00,2016-12-22 11:49:51.24158+00,t,f,audio,format-shifted,9780312968304
647,2015-03-04 23:13:47.041955+00,2015-03-06 09:05:07.367855+00,t,f,paper,no,9780141191447
705,2015-12-06 00:13:23.258323+00,2015-12-06 00:13:23.411735+00,t,f,ebook,no,9781447256250
702,2015-11-23 21:49:23.998485+00,2015-12-06 00:13:59.466643+00,t,f,ebook,no,9781848878006
708,2015-12-12 23:24:08.805518+00,2015-12-20 14:30:52.514152+00,t,f,ebook,no,9780575088979
703,2015-11-26 09:23:20.101098+00,2015-12-20 14:30:58.835626+00,t,f,ebook,no,9781630474836
668,2015-06-20 22:21:15.544725+00,2015-07-15 08:15:19.942658+00,t,f,ebook,no,9780099531685
674,2015-07-20 20:16:57.450536+00,2015-07-20 20:16:57.619042+00,t,f,ebook,no,9781846557279
669,2015-07-05 12:52:46.86807+00,2015-07-05 12:52:51.228153+00,t,f,ebook,no,9781594632433
682,2015-08-23 22:49:01.938311+00,2015-09-05 21:09:40.734089+00,t,t,ebook,no,9781612193748
714,2015-09-28 15:14:24.471996+00,2015-09-28 15:14:24.653905+00,t,f,ebook,no,9780241953532
657,2015-04-12 21:22:03.417886+00,2015-05-12 11:24:02.44587+00,t,f,audio,format-shifted,9780575076952
693,2015-10-19 12:23:24.718905+00,2015-10-19 12:23:28.986202+00,t,f,audio,format-shifted,9780575088894
695,2015-10-23 17:49:45.483891+00,2015-10-23 17:49:48.465829+00,t,f,audio,format-shifted,9780575081246
697,2015-10-31 10:43:44.734367+00,2015-11-03 19:53:37.992405+00,t,f,audio,format-shifted,9781846555237
687,2015-09-14 11:48:31.515283+00,2015-09-14 11:48:39.15588+00,t,f,audio,no,9781783751785
606,2014-09-06 20:51:25.257757+00,2015-07-05 13:15:32.568003+00,t,t,ebook,no,9781892391209
700,2015-11-09 09:57:46.701904+00,2015-11-09 09:57:53.987533+00,t,f,ebook,no,9781609450786
701,2015-11-20 23:22:37.099126+00,2015-11-20 23:22:40.694598+00,t,f,audio,format-shifted,9780575081413
704,2015-12-01 22:06:57.654146+00,2015-12-20 14:30:44.805554+00,t,f,audio,format-shifted,9780340995747
679,2015-08-09 21:33:42.482595+00,2015-08-14 20:52:15.269017+00,t,f,ebook,no,9781492931331
694,2015-10-19 12:24:55.497961+00,2015-10-23 17:49:11.782356+00,t,f,ebook,no,9780575088931
696,2015-10-31 10:42:58.80989+00,2015-11-03 19:53:42.682558+00,t,f,ebook,no,9780575081253
707,2015-12-08 22:41:42.05526+00,2016-03-13 22:52:15.27609+00,t,t,paper,no,9789063693817
717,2015-12-29 14:15:17.242764+00,2015-12-29 21:32:14.328193+00,t,f,paper,no,9780679722632
692,2015-10-19 12:21:49.440734+00,2016-05-24 21:54:00+00,t,t,ebook,no,9780992765590
698,2015-11-05 21:22:43.741217+00,2015-11-07 22:43:49.175782+00,t,f,audio,no,9780990339311
718,2015-12-29 21:38:44.645958+00,2015-12-29 21:38:50.75256+00,t,f,audio,format-shifted,9780141040349
639,2015-02-02 08:27:20.570005+00,2015-02-02 08:28:20.570005+00,t,t,audio,no,9780857661142
835,2016-12-14 22:25:24.21122+00,2016-12-17 14:19:55.811948+00,t,f,audio,format-shifted,9780340820674
831,2016-11-21 23:09:00.583663+00,2016-12-08 22:38:02.366557+00,t,f,audio,format-shifted,9781784750954
830,2016-11-18 23:53:29.134746+00,2016-11-18 23:53:33.711185+00,t,f,audio,format-shifted,9780349120515
826,2016-11-13 00:24:14.462983+00,2016-11-14 08:39:00+00,t,f,audio,format-shifted,9780349114903
829,2016-09-17 21:14:00+00,2016-09-28 21:14:00+00,t,f,audio,format-shifted,9780099534440
805,2016-08-02 07:47:24.645967+00,2016-08-02 07:49:00+00,t,t,audio,no,9781449388393
804,2016-08-02 07:46:54.90154+00,2016-09-01 09:20:46.250648+00,t,f,ebook,format-shifted,9780099362210
813,2016-09-08 20:50:16.755622+00,2016-09-21 21:33:20.434312+00,t,f,ebook,format-shifted,9780007248896
795,2016-07-10 20:15:48.79109+00,2016-07-10 20:15:54.78488+00,t,f,audio,format-shifted,9781841494159
791,2016-06-30 20:29:48.189431+00,2016-07-01 23:38:11.55514+00,t,f,audio,format-shifted,9780340995747
825,2016-11-10 22:42:25.518601+00,2016-11-21 23:08:20.341976+00,t,f,ebook,no,9781780743370
832,2016-11-22 22:15:14.779815+00,2016-11-25 23:08:26.96867+00,t,f,ebook,no,9781846275159
833,2016-11-28 22:49:55.773416+00,2016-12-08 22:37:02.661834+00,t,f,ebook,no,9780330534697
834,2016-12-10 23:07:56.416498+00,2016-12-14 22:24:51.093313+00,t,f,ebook,no,9780802125767
836,2016-12-14 22:27:06.450895+00,2016-12-19 23:10:35.271031+00,t,f,ebook,no,9781439199039
827,2016-09-02 15:55:00+00,2016-09-03 17:46:00+00,t,f,ebook,no,9780446676106
828,2016-09-30 16:05:00+00,2016-10-10 08:05:00+00,t,f,ebook,no,9780674013827
822,2016-10-29 21:27:08.039711+00,2016-11-10 18:57:42.733048+00,t,f,audio,no,9780340993781
815,2016-09-29 17:58:00+00,2016-10-02 17:37:00+00,t,f,audio,no,9780141194530
816,2016-10-02 17:37:00+00,2016-10-03 17:58:00+00,t,f,audio,no,9780141198286
817,2016-10-03 19:15:00+00,2016-10-06 16:55:00+00,t,f,audio,no,9780340937617
824,2016-11-09 22:18:27.82926+00,2016-11-10 22:24:57.621961+00,t,f,ebook,no,9781781084632
821,2016-10-19 08:26:01.284505+00,2016-10-28 23:56:01.931978+00,t,f,audio,no,9780340220429
818,2016-10-09 22:08:52.224034+00,2016-10-11 21:16:04.226351+00,t,f,ebook,no,9780356502892
819,2016-10-16 22:22:39.479281+00,2016-11-10 22:25:26.139449+00,t,f,ebook,no,9781847923288
811,2016-09-01 09:20:46.986105+00,2016-09-01 09:20:47.11775+00,t,f,ebook,no,9780062073501
812,2016-09-01 22:22:28.965729+00,2016-09-02 15:52:00.279926+00,t,f,ebook,no,9780446696166
814,2016-09-27 21:46:02.562424+00,2016-10-06 15:46:54.530562+00,t,f,ebook,no,9780297868828
809,2016-08-23 20:41:44.317301+00,2016-08-23 20:41:53.76048+00,t,f,paper,no,9781563897115
810,2016-08-23 20:43:16.259726+00,2016-08-23 20:43:24.388649+00,t,f,paper,no,9781563896453
798,2016-07-22 22:30:22.508448+00,2016-07-27 10:33:43.291548+00,t,f,ebook,no,9781906021658
799,2016-07-27 10:33:44.696066+00,2016-07-29 18:00:03.806879+00,t,f,ebook,no,9781616954451
800,2016-07-29 18:00:33.40682+00,2016-07-30 08:13:36.825484+00,t,f,ebook,no,9781495607479
793,2016-06-30 20:58:37.754023+00,2016-07-02 20:27:42.553823+00,t,f,ebook,no,9781416555445
776,2016-05-30 19:36:38.137657+00,2016-06-01 16:09:38.578234+00,t,f,ebook,no,9781781083987
777,2016-06-01 22:14:25.304835+00,2016-06-02 13:08:25.099416+00,t,f,ebook,no,9780007120796
778,2016-06-01 22:15:20.987807+00,2016-06-04 12:27:32.903552+00,t,f,ebook,no,9781846688157
780,2016-06-04 21:46:21.627122+00,2016-06-07 20:16:07.300388+00,t,f,ebook,no,9781476781891
782,2016-06-08 18:42:54.828534+00,2016-06-11 21:47:02.420495+00,t,f,ebook,no,9780393350326
756,2016-05-16 22:12:35.685502+00,2016-05-17 21:20:12.227454+00,t,t,ebook,no,9780719564659
766,2016-05-21 07:56:41.425632+00,2016-05-23 15:46:47.519867+00,t,f,ebook,no,9781447273264
765,2016-05-17 22:07:02.650464+00,2016-05-24 17:47:29.630019+00,t,f,ebook,no,9780374117269
769,2016-05-25 21:00:02.412173+00,2016-05-29 21:44:50.946302+00,t,f,ebook,no,9781439158487
755,2016-05-15 22:03:56.588727+00,2016-05-17 11:32:27.035362+00,t,f,audio,no,9780765387868
768,2016-05-23 22:02:34.148017+00,2016-05-24 10:25:01.405397+00,t,f,paper,no,9781594745263
764,2016-04-30 13:28:00+00,2016-04-30 13:58:00+00,t,f,paper,no,9781632156310
762,2016-04-30 12:06:00+00,2016-04-30 12:46:00+00,t,f,paper,same format,9781632150196
763,2016-04-30 12:56:00+00,2016-04-30 13:26:00+00,t,f,paper,same format,9781632153272
754,2016-05-15 22:02:00.461869+00,2016-05-17 10:52:20.633884+00,t,f,paper,no,9780312873110
735,2016-02-28 21:44:11.709158+00,2016-02-28 21:44:11.818526+00,t,f,audio,no,9780356502410
736,2016-02-28 21:44:37.855285+00,2016-03-01 03:26:57.578757+00,t,f,audio,no,9780356502427
737,2016-03-03 00:16:47.053225+00,2016-03-03 00:16:48.161727+00,t,f,audio,no,9780373803132
739,2016-03-13 20:13:17.574001+00,2016-04-02 20:00:18.466132+00,t,f,paper,no,9781843540816
752,2016-05-13 20:53:02.290305+00,2016-05-14 21:23:07.011795+00,t,f,ebook,no,9781781081945
748,2016-05-06 22:15:22.019636+00,2016-05-06 22:15:26.52335+00,t,f,ebook,no,9780765385505
749,2016-05-06 22:16:21.285442+00,2016-05-08 15:23:21.877917+00,t,f,ebook,no,9781847083197
750,2016-05-10 23:16:45.189803+00,2016-05-11 14:57:29.949637+00,t,f,ebook,no,9780356504568
751,2016-05-11 15:00:17.144426+00,2016-05-13 20:53:20.387865+00,t,f,ebook,no,9780755307029
747,2016-05-01 21:25:07.724011+00,2016-05-06 22:15:13.898369+00,t,f,ebook,format-shifted,9780140035100
746,2016-04-24 22:08:38.591716+00,2016-05-01 21:06:57.992951+00,t,f,ebook,no,9780857664754
742,2016-04-03 17:24:20.434014+00,2016-04-03 17:24:20.541141+00,t,f,ebook,no,9780544520561
743,2016-04-07 21:49:07.073879+00,2016-04-18 21:36:09.174929+00,t,f,ebook,no,9781882968213
745,2016-04-19 22:17:45.155586+00,2016-04-24 22:08:07.32787+00,t,f,ebook,no,9780575127647
741,2016-03-25 19:31:29.383575+00,2016-03-25 19:31:29.492601+00,t,f,audio,no,9780586044568
744,2016-04-11 17:26:31.835971+00,2016-04-19 08:07:23.051785+00,t,f,audio,no,9780552776639
738,2016-03-04 00:33:06.856909+00,2016-03-05 19:18:22.863884+00,t,f,ebook,no,9781473619814
740,2016-03-13 22:51:57.343947+00,2016-05-24 21:54:40.458475+00,t,f,ebook,no,9781925228014
734,2016-02-25 13:57:14.361329+00,2016-02-27 01:44:16.767542+00,t,f,audio,format-shifted,9780356502403
823,2016-11-04 23:59:15.60743+00,2016-11-05 21:18:53.064523+00,t,f,ebook,no,9780575132559
820,2016-10-09 22:23:00+00,2016-10-14 22:23:00+00,t,f,audio,no,9780008124786
802,2016-07-30 08:52:32.495126+00,2016-07-31 17:00:40.479614+00,t,f,ebook,no,9781781689837
803,2016-07-31 21:33:15.795034+00,2016-08-02 07:44:52.810888+00,t,f,ebook,no,9781857988222
807,2016-08-07 19:33:55.862503+00,2016-08-13 21:00:31.040011+00,t,f,ebook,no,9780671876463
808,2016-08-21 21:29:36.718285+00,2016-08-23 16:23:31.594442+00,t,f,ebook,no,9780671878450
801,2016-07-30 08:46:53.361041+00,2016-10-13 22:25:00+00,t,f,ebook,no,9781937557409
783,2016-06-09 22:11:30.031737+00,2016-06-11 21:47:02.544999+00,t,f,ebook,no,9780552555708
784,2016-06-13 22:07:45.825891+00,2016-06-13 22:08:19.276484+00,t,f,ebook,no,9781476781105
785,2016-06-14 22:12:24.317264+00,2016-06-14 22:12:24.415677+00,t,f,ebook,no,9781476781112
786,2016-06-15 23:01:07.300474+00,2016-06-16 10:42:38.694386+00,t,f,ebook,no,9781476781303
787,2016-06-16 17:36:49.659726+00,2016-06-16 17:36:49.768243+00,t,f,ebook,no,9781476782232
790,2016-06-21 21:48:36.096579+00,2016-06-30 20:29:02.532399+00,t,f,ebook,no,9781476716572
792,2016-06-30 20:31:22.588529+00,2016-06-30 20:31:26.068079+00,t,f,ebook,no,9780330322218
794,2016-07-03 11:09:59.271568+00,2016-07-18 22:01:44.743305+00,t,f,ebook,no,9780099539551
797,2016-07-20 22:05:16.098084+00,2016-07-22 22:26:24.307323+00,t,f,ebook,no,9780566086656
779,2016-06-04 21:45:20.801843+00,2016-07-29 18:00:03.913621+00,t,f,ebook,no,9781845293376
723,2016-01-03 22:39:36.699105+00,2016-01-07 16:19:13.791792+00,t,f,ebook,no,9781609451349
725,2016-01-01 11:21:44.339289+00,2016-01-03 21:12:57.869988+00,t,f,ebook,no,9780007492787
724,2016-01-09 00:00:33.993351+00,2016-01-13 22:49:46.985225+00,t,f,ebook,no,9781609452339
770,2016-05-28 09:27:27.798771+00,2016-05-28 09:27:27.959358+00,t,f,audio,no,9780349116846
781,2016-06-06 07:36:23.985718+00,2016-06-06 13:12:17.344284+00,t,f,audio,no,9780753827031
788,2016-06-17 21:58:30.082272+00,2016-06-17 21:58:59.149459+00,t,f,audio and ebook,no,9780671877446
726,2016-01-18 22:56:17.274427+00,2016-01-23 20:27:05.815483+00,t,f,ebook,no,9781500439903
722,2016-01-02 17:48:06.322656+00,2016-02-21 12:53:41.921539+00,t,f,ebook,no,9780099539773
796,2016-07-10 20:16:35.405597+00,2016-07-15 22:26:34.898113+00,t,f,audio,format-shifted,9781841496566
617,2014-10-05 19:00:17.597327+00,2014-10-16 07:59:57.446071+00,t,f,paper,"",9781843548317
638,2015-02-02 08:27:12.897129+00,2015-02-02 08:27:20.792523+00,t,f,audio,no,9780007154913
709,2015-12-23 18:43:40.450685+00,2015-12-23 20:32:37.992129+00,t,f,ebook,no,9781781855072
710,2015-12-25 21:18:47.866237+00,2015-12-25 21:18:48.11512+00,t,f,ebook,no,9781473616684
716,2015-12-28 23:05:52.335119+00,2015-12-28 23:05:52.59796+00,t,f,ebook,no,9781908745521
711,2015-12-25 23:50:27.125435+00,2015-12-29 21:32:23.219376+00,t,f,ebook,no,9780486243337
719,2015-12-29 22:20:29.750394+00,2015-12-31 11:16:03.062831+00,t,f,ebook,no,9781447232766
650,2015-03-17 23:04:48.923477+00,2015-03-17 23:04:49.095052+00,t,f,ebook,no,9780356502731
652,2015-03-30 21:10:00.160902+00,2015-04-02 21:11:25.614176+00,t,f,ebook,no,9781843545040
636,2015-01-24 22:33:07.956689+00,2015-03-31 22:17:55.600238+00,t,f,ebook,no,9781580051545
645,2015-03-04 22:36:23.973184+00,2015-03-16 13:19:18.37681+00,t,f,ebook,no,9780691160887
667,2015-06-20 22:21:03.808953+00,2015-07-05 12:49:47.822934+00,t,f,ebook,no,9780099458326
672,2015-07-18 11:38:04.053374+00,2015-07-18 11:38:06.779467+00,t,f,ebook,no,9781783295401
663,2015-06-06 21:56:30.197589+00,2015-06-06 21:56:33.076799+00,t,f,ebook,no,9780718179823
677,2015-08-06 13:45:10.107442+00,2015-08-06 13:45:17.727586+00,t,f,ebook,no,9780819562982
661,2015-05-23 22:44:09.231716+00,2015-08-06 13:45:26.995029+00,t,t,ebook,no,9780470674345
685,2015-09-05 21:10:10.8503+00,2015-09-05 21:10:43.100969+00,t,f,ebook,no,9780552778251
686,2015-09-14 11:47:27.57882+00,2015-09-14 11:47:33.511782+00,t,f,ebook,no,9781476730950
688,2015-09-14 11:49:24.991852+00,2015-09-19 15:00:02.685078+00,t,f,ebook,no,9781447268963
678,2015-08-09 21:33:16.928826+00,2015-08-09 21:33:17.125023+00,t,f,paper,no,9781908276421
712,2015-08-23 15:04:27.84722+00,2015-08-23 15:04:28.84722+00,t,f,paper,no,9781632150196
713,2015-08-23 15:05:25.211284+00,2015-08-23 15:05:30.211284+00,t,f,paper,no,9781632153272
839,2016-11-12 18:00:00+00,2016-11-12 18:40:00+00,t,f,paper,same format,9781632150196
840,2016-11-12 18:45:00+00,2016-11-12 19:15:00+00,t,f,paper,same format,9781632153272
841,2016-11-12 19:45:00+00,2016-11-12 20:05:00+00,t,f,paper,same format,9781632156310
842,2016-11-12 20:10:00+00,2016-11-12 20:40:00+00,t,f,paper,no,9781632159137
699,2015-11-05 21:23:17.001845+00,2015-11-05 21:23:55.586571+00,t,f,paper,no,9780321767530
706,2015-12-07 20:41:42.361369+00,2015-12-12 17:44:59.796033+00,t,f,paper,no,9781782114765
844,2015-02-05 20:14:00+00,2015-02-10 20:14:00+00,t,f,audio,no,9780007121014
757,2016-05-01 15:12:00+00,2016-05-11 13:12:00+00,t,f,audio,no,9781844082414
767,2016-05-22 09:07:17.657728+00,2016-05-23 15:46:47.382978+00,t,f,audio,format-shifted,9781447262060
789,2016-06-18 22:15:39.485811+00,2016-06-21 21:44:16.270704+00,t,f,audio and ebook,no,9780671656041
843,2015-03-26 20:14:00+00,2015-03-30 20:14:00+00,t,f,audio,no,9780007154845
845,2015-01-13 09:00:00+00,2015-01-17 09:00:00+00,t,f,audio,format-shifted,9780575132504
838,2016-12-19 23:11:55.686203+00,2016-12-27 18:56:22.200447+00,t,f,ebook,no,9780356508191
879,2017-07-10 08:47:12.780871+00,2017-07-10 08:47:17.467872+00,t,f,"","",9781447294146
876,2017-04-26 21:32:49.531323+00,2017-07-10 08:47:56.391551+00,t,f,"","",9781447250326
880,2017-07-10 21:42:38.415635+00,2017-07-10 21:42:42.246162+00,t,f,"","",9780099754916
881,2017-07-14 17:01:26.517815+00,2017-07-14 17:01:29.877823+00,t,f,"","",9780691168340
846,2016-12-29 08:30:01.989538+00,2017-01-02 21:16:25.563334+00,t,f,ebook,true,9781563411403
847,2017-01-02 22:26:38.165413+00,2017-01-04 23:17:21.936737+00,t,f,ebook,true,9780356508368
848,2017-01-03 23:38:50.083516+00,2017-01-07 13:22:42.938989+00,t,f,audio,true,9781784871901
882,2017-07-14 17:02:46.655134+00,2017-07-14 17:02:49.475298+00,t,f,"","",9781495607394
884,2017-07-18 21:46:08.591112+00,2017-07-23 20:47:11.459002+00,t,f,"","",9780151364589
878,2017-05-15 22:12:13.568154+00,2017-08-05 20:24:56.834906+00,t,f,"","",9780804798549
854,2017-01-08 20:30:30.637657+00,2017-01-09 21:20:36.741601+00,t,f,"","",9781447294146
856,2017-01-16 23:05:22.20302+00,2017-01-23 22:39:21.832326+00,t,f,"","",9780330534192
852,2017-01-04 16:07:00+00,2017-01-27 23:07:49.808143+00,t,f,"","",9281000000001
806,2016-08-02 07:48:21.448431+00,2017-01-27 23:08:05.883347+00,t,t,ebook,no,9781596065215
853,2017-01-08 20:28:23.818863+00,2017-01-27 23:08:24.105281+00,t,t,"","",9781781256480
859,2017-01-31 23:05:26.027531+00,2017-02-02 22:42:06.006918+00,t,f,"","",9780575132559
858,2017-01-26 23:50:06.918484+00,2017-02-05 00:00:39.010633+00,t,f,"","",9780857205377
860,2017-02-07 22:54:21.058829+00,2017-02-12 15:30:13.833023+00,t,f,"","",9780553418811
862,2017-02-18 23:36:39.761876+00,2017-02-23 11:25:50.145113+00,t,f,"","",9781476739335
861,2017-02-17 22:54:18.842736+00,2017-02-25 21:15:50.999017+00,t,f,"","",9781596921641
871,2017-04-16 20:05:25.683631+00,2017-08-05 20:25:09.455353+00,t,f,"","",9781408839997
914,2018-02-13 15:31:58.418193+00,2018-02-13 15:32:13.523226+00,t,f,"","",9780312570828
864,2017-03-04 01:04:12.048682+00,2017-03-05 00:29:24.208568+00,t,f,"","",9780007194155
865,2017-03-05 22:47:24.97942+00,2017-03-08 23:49:26.65483+00,t,f,"","",9780345543998
863,2017-02-28 22:41:58.181341+00,2017-03-13 23:32:59.257216+00,t,f,"","",9781903254868
866,2017-03-12 00:06:51.930595+00,2017-03-13 23:33:05.152522+00,t,f,"","",9780575096721
868,2017-03-26 21:03:33.058105+00,2017-03-26 21:03:36.654047+00,t,f,"","",9781473619814
867,2017-03-13 23:35:36.801128+00,2017-04-16 20:02:26.839778+00,t,f,"","",9781594631412
872,2017-04-16 20:06:44.5889+00,2017-04-16 20:06:46.767324+00,t,f,"","",9780099409991
873,2017-04-16 21:05:22.573746+00,2017-04-22 11:59:11.329467+00,t,f,"","",9780141391472
874,2017-04-24 21:58:42.176408+00,2017-05-26 22:04:18.029647+00,t,f,"","",9780140239751
877,2017-05-08 22:06:27.034434+00,2017-05-26 22:04:44.498462+00,t,f,"","",9780099479048
875,2017-04-26 21:30:42.788776+00,2017-08-05 20:28:30.670411+00,t,f,"","",9780745335933
883,2017-07-14 18:45:13.312105+00,2017-08-05 20:28:48.176303+00,t,t,"","",9780711233775
885,2017-08-05 21:09:22.09881+00,2017-08-17 21:42:26.105706+00,t,f,"","",9781447289234
886,2017-08-17 21:42:13.684938+00,2017-08-24 21:29:30.200173+00,t,f,"","",9780701186982
887,2017-08-25 22:11:45.291154+00,2017-08-27 00:41:15.754774+00,t,f,"","",9780356508368
888,2017-08-27 00:41:05.867434+00,2017-08-31 21:14:42.43833+00,t,f,"","",9780356508689
889,2017-08-31 21:15:41.597771+00,2017-09-03 21:03:53.277449+00,t,f,"","",9781780896847
890,2017-09-03 21:03:40.932012+00,2017-09-18 14:06:58.300245+00,t,f,"","",9781784297619
891,2017-09-18 14:08:44.936771+00,2017-09-18 14:09:13.810436+00,t,f,"","",9780141196398
893,2017-10-22 22:20:04.935142+00,2017-10-22 22:20:22.243734+00,t,f,"","",9781408888094
894,2017-11-11 17:51:51.665345+00,2017-11-11 17:51:54.942248+00,t,f,"","",9780670919987
895,2017-11-11 17:58:32.175798+00,2017-11-11 17:58:39.293703+00,t,f,"","",9781473222427
896,2017-11-23 07:48:22.42548+00,2017-11-23 07:48:23.549815+00,t,f,"","",9780091956943
898,2017-12-08 11:51:30.294991+00,2017-12-08 11:51:33.597302+00,t,f,"","",9780356508788
899,2017-12-09 17:32:10.56515+00,2017-12-09 17:32:29.642581+00,t,f,"","",9780241981610
900,2017-12-16 18:33:10.089002+00,2017-12-16 18:33:11.988418+00,t,f,"","",9781551522357
908,2018-01-05 21:45:26.910746+00,2018-01-12 23:02:30.777525+00,t,f,"","",9780446675505
901,2017-12-16 18:44:11.699927+00,2017-11-30 04:20:52.510195+00,t,f,"","",9781444791624
892,2017-09-18 14:09:48.642742+00,2017-12-16 19:13:36.214047+00,t,t,"","",9781409128014
870,2017-04-16 20:04:22.888154+00,2017-12-16 19:13:47.162514+00,t,t,"","",9781857886597
869,2017-04-16 20:02:50.405064+00,2017-12-16 19:13:53.697987+00,t,t,"","",9780465051366
902,2017-12-18 21:12:22.255022+00,2017-12-18 21:12:33.339606+00,t,f,"","",9780857665294
903,2017-12-18 22:45:53.830651+00,2017-12-21 19:35:03.476124+00,t,f,"","",9780857664266
904,2017-12-26 23:09:18.750267+00,2017-12-26 23:09:19.738852+00,t,f,"","",9780857665010
906,2017-12-26 23:14:16.03291+00,2017-12-26 23:14:22.564186+00,t,f,"","",9781910192146
910,2018-01-16 23:07:00.643423+00,2018-01-20 23:44:30.635812+00,t,f,"","",9781784299606
905,2017-12-26 23:09:28.534912+00,2017-12-27 23:37:50.615674+00,t,f,"","",9781784703455
855,2017-01-14 22:27:39.439021+00,2018-01-21 22:32:59.96571+00,t,t,"","",9780099593379
909,2018-01-12 23:01:32.433643+00,2018-01-25 10:06:17.272063+00,t,f,"","",9780446533027
912,2018-01-27 18:01:37.197653+00,2018-01-27 18:01:47.801933+00,t,f,"","",9781782060574
911,2018-01-21 22:31:11.103663+00,2018-01-27 18:02:59.872166+00,t,f,"","",9780091955106
915,2018-02-14 17:45:07.862484+00,2018-02-14 17:45:13.763514+00,t,f,"","",9781509857487
916,2018-03-01 21:43:20.379836+00,2018-03-01 21:43:30.859398+00,t,f,"","",9781780622286
918,2018-03-02 23:37:50.599836+00,2018-03-06 22:42:55.235538+00,t,f,"","",9780934678483
919,2018-03-06 22:42:29.300546+00,2018-03-09 22:27:18.666325+00,t,f,"","",9781408889565
921,2018-03-18 10:22:36.504517+00,2018-03-18 10:22:37.734665+00,t,f,"","",9780765325563
923,2018-04-06 22:54:21.869606+00,2018-04-06 22:54:43.82325+00,t,f,"","",9780990972402
924,2018-04-06 22:56:00.833892+00,2018-04-06 22:56:19.962399+00,t,f,"","",9781945796685
922,2018-03-18 10:28:32.604528+00,,f,f,"","",9781597801607
926,2018-04-26 04:24:19.514786+00,2018-04-26 04:24:24.673803+00,t,f,"","",9781409128786
925,2018-04-08 22:00:15.155728+00,2018-05-01 20:03:34.481147+00,t,f,"","",9780751566406
913,2018-01-30 21:20:55.530714+00,2018-05-01 20:03:42.677275+00,t,f,"","",9781408870587
907,2018-01-05 21:42:43.293288+00,2018-05-03 20:03:59.093906+00,t,t,"","",9780340998434
917,2018-03-01 21:44:07.39883+00,2018-05-03 20:05:46.880813+00,t,t,"","",9780719564550
927,2018-05-03 20:05:52.124844+00,2018-05-03 20:06:02.890352+00,t,f,"","",9780374227760
929,2018-05-13 14:04:31.742896+00,2018-05-13 14:10:49.159426+00,t,f,"","",9780349108858
940,2018-05-13 14:52:02.277394+00,2018-05-13 14:52:48.554783+00,t,f,"","",9780552167628
941,2018-05-13 21:21:49.697538+00,2018-05-13 21:22:12.175081+00,t,f,"","",9781784870515
942,2018-05-16 16:21:40.527629+00,2018-05-16 16:22:07.612088+00,t,f,"","",9781785653674
943,2018-05-18 19:59:03.201553+00,2018-05-18 19:59:27.153943+00,t,f,"","",9780141191454
944,2018-05-20 20:54:16.200474+00,2018-05-20 20:54:40.268072+00,t,f,"","",9781405131124
945,2018-06-06 10:21:59.579512+00,2018-06-06 10:22:12.359932+00,t,t,"","",9780755374045
947,2018-06-06 10:27:10.686559+00,2018-06-06 10:27:12.804702+00,t,f,"","",9781683690139
946,2018-06-06 10:22:39.322474+00,2018-06-16 21:47:00.401963+00,t,f,"","",9781780229140
948,2018-06-16 21:48:04.259598+00,2018-06-16 21:48:09.751497+00,t,f,"","",9780349120515
949,2018-06-16 21:49:08.100775+00,2018-06-16 21:49:15.404344+00,t,f,"","",9781556522413
951,2018-06-16 21:51:17.4609+00,,f,f,"","",9780719564550
953,2018-06-24 16:51:20.662046+00,2018-06-24 16:51:47.060982+00,t,f,"","",9780802128997
952,2018-06-24 16:50:28.272541+00,2018-06-24 18:00:29.381443+00,t,f,"","",9781604860702
950,2018-06-16 21:50:26.285478+00,2018-06-26 18:17:43.274038+00,t,f,"","",9781472154118
954,2018-07-07 20:17:52.185564+00,2018-07-07 20:17:57.101016+00,t,f,"","",9781841497334
955,2018-07-07 20:19:38.657448+00,2018-07-07 20:19:43.66422+00,t,f,"","",9780007527526
956,2018-07-07 20:21:00.810244+00,2018-07-07 20:21:06.686112+00,t,f,"","",9780007527519
957,2018-07-09 21:09:18.61536+00,2018-07-09 21:09:23.01702+00,t,f,"","",9780241977743
958,2018-07-11 20:27:51.427811+00,2018-07-11 20:27:57.547699+00,t,f,"","",9781785653643
959,2018-07-16 14:38:11.30854+00,2018-07-16 14:38:19.198505+00,t,f,"","",9780091956523
960,2018-07-20 22:12:29.125126+00,2018-07-20 22:12:31.983726+00,t,f,"","",9781787330979
